{
  "config": {
    "run_name": "exp1_3",
    "out_dir": "./results",
    "seed": 42,
    "device": null,
    "bs_train": 50,
    "bs_test": 12,
    "batches": 10,
    "epochs": 10,
    "early_stopping": 5,
    "checkpoints": null,
    "lr": 0.001,
    "reg": 0.001,
    "filters_per_layer": [
      64,
      128,
      256
    ],
    "layers_per_block": 1,
    "pool_every": 1,
    "hidden_dims": [
      100
    ],
    "model_type": "cnn",
    "kw": {}
  },
  "results": {
    "num_epochs": 10,
    "train_loss": [
      1.5028194189071655,
      1.1207512617111206,
      0.9501675367355347,
      0.841704249382019,
      0.7682011723518372,
      0.7045233249664307,
      0.6710073947906494,
      0.6238935589790344,
      0.5898706316947937,
      0.5534026026725769
    ],
    "train_acc": [
      45.09,
      59.952,
      66.36,
      70.548,
      73.252,
      75.35,
      76.614,
      78.286,
      79.276,
      80.674
    ],
    "test_loss": [
      1.2463746070861816,
      1.1120555400848389,
      0.9231287837028503,
      0.8391165733337402,
      0.8585919141769409,
      0.7970975041389465,
      0.7658452987670898,
      0.8138825297355652,
      0.7249956130981445,
      0.7297309041023254
    ],
    "test_acc": [
      55.12,
      59.75,
      68.03,
      71.07,
      70.17,
      72.78,
      73.54,
      72.18,
      74.95,
      75.45
    ]
  }
}