{
  "config": {
    "run_name": "exp1_1",
    "out_dir": "./results",
    "seed": 1930052167,
    "device": null,
    "bs_train": 128,
    "bs_test": 32,
    "batches": 100,
    "epochs": 10,
    "early_stopping": 3,
    "checkpoints": null,
    "lr": 0.001,
    "reg": 0.001,
    "filters_per_layer": [
      32
    ],
    "layers_per_block": 2,
    "pool_every": 2,
    "hidden_dims": [
      100
    ],
    "model_type": "cnn",
    "kw": {}
  },
  "results": {
    "num_epochs": 10,
    "train_loss": [
      1.5189653635025024,
      1.1963682174682617,
      1.0621968507766724,
      0.979768693447113,
      0.9049044251441956,
      0.8520058393478394,
      0.8009223937988281,
      0.758977472782135,
      0.7176294922828674,
      0.670607328414917
    ],
    "train_acc": [
      45.386,
      57.776,
      62.484,
      65.54,
      68.424,
      70.194,
      72.01,
      73.52,
      74.618,
      76.568
    ],
    "test_loss": [
      1.291619896888733,
      1.1628996133804321,
      1.0656834840774536,
      1.0000200271606445,
      0.987838089466095,
      0.9596213698387146,
      0.9355990290641785,
      0.9328508973121643,
      0.9385213851928711,
      0.951539158821106
    ],
    "test_acc": [
      53.43,
      58.56,
      61.86,
      64.39,
      65.07,
      65.85,
      67.49,
      67.29,
      67.63,
      67.34
    ]
  }
}