{
  "config": {
    "run_name": "exp1_2",
    "out_dir": "./results",
    "seed": 1092709979,
    "device": null,
    "bs_train": 128,
    "bs_test": 32,
    "batches": 100,
    "epochs": 10,
    "early_stopping": 3,
    "checkpoints": null,
    "lr": 0.001,
    "reg": 0.001,
    "filters_per_layer": [
      64
    ],
    "layers_per_block": 2,
    "pool_every": 2,
    "hidden_dims": [
      100
    ],
    "model_type": "cnn",
    "kw": {}
  },
  "results": {
    "num_epochs": 10,
    "train_loss": [
      1.6551600694656372,
      1.2743852138519287,
      1.1607310771942139,
      1.0839600563049316,
      1.0239696502685547,
      0.9666772484779358,
      0.9152946472167969,
      0.8719102144241333,
      0.8387100100517273,
      0.798599123954773
    ],
    "train_acc": [
      40.044,
      54.684,
      58.938,
      61.708,
      64.016,
      65.872,
      67.678,
      69.226,
      70.528,
      71.754
    ],
    "test_loss": [
      1.378904104232788,
      1.2404353618621826,
      1.1598931550979614,
      1.11809504032135,
      1.07645583152771,
      1.0532325506210327,
      1.0333080291748047,
      1.0601426362991333,
      1.0383195877075195,
      1.0161820650100708
    ],
    "test_acc": [
      50.51,
      56.21,
      58.57,
      60.46,
      61.66,
      62.46,
      63.2,
      62.93,
      63.45,
      64.24
    ]
  }
}