{
  "config": {
    "run_name": "exp1_2",
    "out_dir": "./results",
    "seed": 42,
    "device": null,
    "bs_train": 50,
    "bs_test": 12,
    "batches": 10,
    "epochs": 10,
    "early_stopping": 5,
    "checkpoints": null,
    "lr": 0.001,
    "reg": 0.001,
    "filters_per_layer": [
      256
    ],
    "layers_per_block": 2,
    "pool_every": 2,
    "hidden_dims": [
      100
    ],
    "model_type": "cnn",
    "kw": {}
  },
  "results": {
    "num_epochs": 10,
    "train_loss": [
      1.5086948871612549,
      1.2151447534561157,
      1.1042068004608154,
      1.0301920175552368,
      0.9692404270172119,
      0.922998309135437,
      0.8821555376052856,
      0.8539406657218933,
      0.8182412981987,
      0.7878803610801697
    ],
    "train_acc": [
      45.342,
      56.63,
      60.908,
      63.604,
      65.7,
      67.41,
      68.872,
      69.812,
      70.812,
      72.078
    ],
    "test_loss": [
      1.3050339221954346,
      1.1546149253845215,
      1.121216058731079,
      1.0547902584075928,
      1.0556687116622925,
      1.0260790586471558,
      1.0475414991378784,
      1.0082908868789673,
      1.032731294631958,
      1.098490595817566
    ],
    "test_acc": [
      53.54,
      58.45,
      60.08,
      62.06,
      62.11,
      63.59,
      63.68,
      64.43,
      63.45,
      62.34
    ]
  }
}