{
  "config": {
    "run_name": "exp1_2",
    "out_dir": "./results",
    "seed": 42,
    "device": null,
    "bs_train": 50,
    "bs_test": 12,
    "batches": 10,
    "epochs": 10,
    "early_stopping": 5,
    "checkpoints": null,
    "lr": 0.001,
    "reg": 0.001,
    "filters_per_layer": [
      64
    ],
    "layers_per_block": 8,
    "pool_every": 8,
    "hidden_dims": [
      100
    ],
    "model_type": "cnn",
    "kw": {}
  },
  "results": {
    "num_epochs": 5,
    "train_loss": [
      2.303208827972412,
      2.302833318710327,
      2.302737236022949,
      2.302842617034912,
      2.3027637004852295,
      2.3027546405792236
    ],
    "train_acc": [
      9.824,
      9.798,
      9.97,
      9.73,
      9.816,
      9.966
    ],
    "test_loss": [
      2.3026483058929443,
      2.302617073059082,
      2.3026909828186035,
      2.302635431289673,
      2.3026113510131836,
      2.3026041984558105
    ],
    "test_acc": [
      10.0,
      10.0,
      10.0,
      10.0,
      10.0,
      10.0
    ]
  }
}