{
  "config": {
    "run_name": "exp1_2",
    "out_dir": "./results",
    "seed": 42,
    "device": null,
    "bs_train": 50,
    "bs_test": 12,
    "batches": 10,
    "epochs": 10,
    "early_stopping": 5,
    "checkpoints": null,
    "lr": 0.001,
    "reg": 0.001,
    "filters_per_layer": [
      256
    ],
    "layers_per_block": 4,
    "pool_every": 4,
    "hidden_dims": [
      100
    ],
    "model_type": "cnn",
    "kw": {}
  },
  "results": {
    "num_epochs": 9,
    "train_loss": [
      1.584387183189392,
      1.1188879013061523,
      0.9464947581291199,
      0.845259964466095,
      0.7633798718452454,
      0.7068610787391663,
      0.6515642404556274,
      0.599040150642395,
      0.5528079271316528,
      0.5110064744949341
    ],
    "train_acc": [
      42.492,
      60.282,
      66.722,
      69.986,
      72.798,
      74.856,
      76.884,
      78.54,
      80.086,
      81.42
    ],
    "test_loss": [
      1.2652254104614258,
      1.0418554544448853,
      1.0243462324142456,
      0.9191287755966187,
      0.9262515902519226,
      0.9247699975967407,
      0.9830868244171143,
      0.9541215896606445,
      0.9998845458030701,
      1.014250636100769
    ],
    "test_acc": [
      54.07,
      63.45,
      63.7,
      67.85,
      68.29,
      67.66,
      67.36,
      68.11,
      67.0,
      66.99
    ]
  }
}