{
  "config": {
    "run_name": "exp1_2",
    "out_dir": "./results",
    "seed": 42,
    "device": null,
    "bs_train": 50,
    "bs_test": 12,
    "batches": 10,
    "epochs": 10,
    "early_stopping": 5,
    "checkpoints": null,
    "lr": 0.001,
    "reg": 0.001,
    "filters_per_layer": [
      32
    ],
    "layers_per_block": 4,
    "pool_every": 4,
    "hidden_dims": [
      100
    ],
    "model_type": "cnn",
    "kw": {}
  },
  "results": {
    "num_epochs": 10,
    "train_loss": [
      1.6026599407196045,
      1.2626127004623413,
      1.0789533853530884,
      0.9440702795982361,
      0.8495449423789978,
      0.7758294939994812,
      0.7145578265190125,
      0.6474117636680603,
      0.5926315188407898,
      0.540774941444397
    ],
    "train_acc": [
      41.82,
      54.572,
      61.56,
      66.418,
      70.06,
      72.45,
      74.664,
      76.904,
      78.938,
      80.662
    ],
    "test_loss": [
      1.403444528579712,
      1.1482865810394287,
      1.0385990142822266,
      0.9642322063446045,
      0.9630611538887024,
      0.962505578994751,
      0.9115931391716003,
      0.9436692595481873,
      0.9709802865982056,
      0.9692603349685669
    ],
    "test_acc": [
      49.08,
      58.67,
      62.88,
      66.14,
      65.5,
      67.22,
      67.74,
      67.7,
      67.46,
      67.74
    ]
  }
}