{
  "config": {
    "run_name": "exp1_4",
    "out_dir": "./results",
    "seed": 42,
    "device": null,
    "bs_train": 50,
    "bs_test": 12,
    "batches": 10,
    "epochs": 10,
    "early_stopping": 3,
    "checkpoints": null,
    "lr": 0.001,
    "reg": 0.001,
    "filters_per_layer": [
      64,
      128,
      256
    ],
    "layers_per_block": 4,
    "pool_every": 3,
    "hidden_dims": [
      100
    ],
    "model_type": "resnet",
    "kw": {}
  },
  "results": {
    "num_epochs": 10,
    "train_loss": [
      1.4261565208435059,
      0.9696710109710693,
      0.8084505200386047,
      0.7117995023727417,
      0.6413050293922424,
      0.5887145400047302,
      0.5391591787338257,
      0.5074199438095093,
      0.4755007028579712,
      0.4437255263328552
    ],
    "train_acc": [
      48.354,
      66.244,
      71.84,
      75.198,
      77.64,
      79.562,
      81.096,
      82.232,
      83.55,
      84.318
    ],
    "test_loss": [
      1.073794960975647,
      0.897481381893158,
      0.8142292499542236,
      0.7631807923316956,
      0.6996839046478271,
      0.6694050431251526,
      0.6748683452606201,
      0.64239501953125,
      0.7024093866348267,
      0.6388046145439148
    ],
    "test_acc": [
      61.66,
      69.19,
      71.76,
      73.52,
      75.67,
      76.95,
      76.9,
      78.13,
      76.22,
      78.1
    ]
  }
}