{
  "config": {
    "run_name": "exp1_1",
    "out_dir": "./results",
    "seed": 42,
    "device": null,
    "bs_train": 50,
    "bs_test": 12,
    "batches": 10,
    "epochs": 10,
    "early_stopping": 5,
    "checkpoints": null,
    "lr": 0.001,
    "reg": 0.001,
    "filters_per_layer": [
      32
    ],
    "layers_per_block": 8,
    "pool_every": 3,
    "hidden_dims": [
      100
    ],
    "model_type": "cnn",
    "kw": {}
  },
  "results": {
    "num_epochs": 5,
    "train_loss": [
      2.302948236465454,
      2.302755832672119,
      2.302736759185791,
      2.3027660846710205,
      2.302760362625122,
      2.302783489227295
    ],
    "train_acc": [
      10.07,
      9.884,
      9.908,
      9.61,
      9.79,
      9.862
    ],
    "test_loss": [
      2.3026905059814453,
      2.302624225616455,
      2.3026344776153564,
      2.3026134967803955,
      2.3026199340820312,
      2.3026163578033447
    ],
    "test_acc": [
      10.0,
      10.0,
      10.0,
      10.0,
      10.0,
      10.0
    ]
  }
}