{
  "config": {
    "run_name": "exp1_3",
    "out_dir": "./results",
    "seed": 42,
    "device": null,
    "bs_train": 50,
    "bs_test": 12,
    "batches": 10,
    "epochs": 10,
    "early_stopping": 5,
    "checkpoints": null,
    "lr": 0.001,
    "reg": 0.001,
    "filters_per_layer": [
      64,
      128,
      256
    ],
    "layers_per_block": 4,
    "pool_every": 1,
    "hidden_dims": [
      100
    ],
    "model_type": "cnn",
    "kw": {}
  },
  "results": {
    "num_epochs": 5,
    "train_loss": [
      2.302964925765991,
      2.302845001220703,
      2.3027586936950684,
      2.3027663230895996,
      2.3027608394622803,
      2.302769660949707
    ],
    "train_acc": [
      9.946,
      9.652,
      9.98,
      9.79,
      9.93,
      9.898
    ],
    "test_loss": [
      2.302673101425171,
      2.302672863006592,
      2.3028106689453125,
      2.3026466369628906,
      2.302623748779297,
      2.30261492729187
    ],
    "test_acc": [
      10.0,
      10.0,
      10.0,
      10.0,
      10.0,
      10.0
    ]
  }
}