{
  "config": {
    "run_name": "exp1_1",
    "out_dir": "./results",
    "seed": 1528625960,
    "device": null,
    "bs_train": 128,
    "bs_test": 32,
    "batches": 100,
    "epochs": 10,
    "early_stopping": 3,
    "checkpoints": null,
    "lr": 0.001,
    "reg": 0.001,
    "filters_per_layer": [
      32
    ],
    "layers_per_block": 4,
    "pool_every": 4,
    "hidden_dims": [
      100
    ],
    "model_type": "cnn",
    "kw": {}
  },
  "results": {
    "num_epochs": 9,
    "train_loss": [
      1.6718684434890747,
      1.264188528060913,
      1.1091755628585815,
      0.9833870530128479,
      0.8704736232757568,
      0.7893961668014526,
      0.7102665901184082,
      0.6391675472259521,
      0.5674080848693848,
      0.5024706721305847
    ],
    "train_acc": [
      39.216,
      54.718,
      60.482,
      65.296,
      69.35,
      72.29,
      74.84,
      77.298,
      79.702,
      82.154
    ],
    "test_loss": [
      1.3533028364181519,
      1.1853114366531372,
      1.08424711227417,
      1.0116167068481445,
      0.970789909362793,
      0.9949188828468323,
      0.9735300540924072,
      0.9910567998886108,
      1.0495284795761108,
      1.0889137983322144
    ],
    "test_acc": [
      50.54,
      58.01,
      61.38,
      64.12,
      65.68,
      66.03,
      66.64,
      66.1,
      66.12,
      65.66
    ]
  }
}