{
  "config": {
    "run_name": "exp1_2",
    "out_dir": "./results",
    "seed": 855096797,
    "device": null,
    "bs_train": 128,
    "bs_test": 32,
    "batches": 100,
    "epochs": 10,
    "early_stopping": 3,
    "checkpoints": null,
    "lr": 0.001,
    "reg": 0.001,
    "filters_per_layer": [
      128
    ],
    "layers_per_block": 2,
    "pool_every": 2,
    "hidden_dims": [
      100
    ],
    "model_type": "cnn",
    "kw": {}
  },
  "results": {
    "num_epochs": 10,
    "train_loss": [
      1.498583436012268,
      1.1623282432556152,
      1.0420398712158203,
      0.9474702477455139,
      0.8727571368217468,
      0.814207136631012,
      0.7605122327804565,
      0.7142179608345032,
      0.6625673770904541,
      0.6208722591400146
    ],
    "train_acc": [
      46.13,
      58.778,
      63.204,
      66.648,
      69.324,
      71.362,
      73.226,
      74.868,
      76.636,
      78.184
    ],
    "test_loss": [
      1.2406432628631592,
      1.1353132724761963,
      1.041607141494751,
      1.0098742246627808,
      1.0009195804595947,
      0.9717427492141724,
      0.9489431977272034,
      0.9541594982147217,
      0.9496309757232666,
      0.963914155960083
    ],
    "test_acc": [
      56.61,
      59.41,
      62.96,
      64.42,
      64.66,
      66.39,
      67.38,
      67.51,
      67.87,
      67.32
    ]
  }
}