{
  "config": {
    "run_name": "exp1_3",
    "out_dir": "./results",
    "seed": 42,
    "device": null,
    "bs_train": 50,
    "bs_test": 12,
    "batches": 10,
    "epochs": 10,
    "early_stopping": 5,
    "checkpoints": null,
    "lr": 0.001,
    "reg": 0.001,
    "filters_per_layer": [
      64,
      128,
      256
    ],
    "layers_per_block": 3,
    "pool_every": 3,
    "hidden_dims": [
      100
    ],
    "model_type": "cnn",
    "kw": {}
  },
  "results": {
    "num_epochs": 5,
    "train_loss": [
      2.3029048442840576,
      2.3027267456054688,
      2.3028218746185303,
      2.302746534347534,
      2.3027732372283936,
      2.3027751445770264
    ],
    "train_acc": [
      9.958,
      9.748,
      9.598,
      9.724,
      9.91,
      9.644
    ],
    "test_loss": [
      2.3026468753814697,
      2.3026695251464844,
      2.3026375770568848,
      2.302781343460083,
      2.3026235103607178,
      2.302610397338867
    ],
    "test_acc": [
      10.0,
      10.0,
      10.0,
      10.0,
      10.0,
      10.0
    ]
  }
}