{
  "config": {
    "run_name": "exp1_2",
    "out_dir": "./results",
    "seed": 42,
    "device": null,
    "bs_train": 50,
    "bs_test": 12,
    "batches": 10,
    "epochs": 10,
    "early_stopping": 5,
    "checkpoints": null,
    "lr": 0.001,
    "reg": 0.001,
    "filters_per_layer": [
      32
    ],
    "layers_per_block": 8,
    "pool_every": 8,
    "hidden_dims": [
      100
    ],
    "model_type": "cnn",
    "kw": {}
  },
  "results": {
    "num_epochs": 5,
    "train_loss": [
      2.30334734916687,
      2.3028008937835693,
      2.302751064300537,
      2.302814245223999,
      2.3027610778808594,
      2.302713394165039
    ],
    "train_acc": [
      9.772,
      9.722,
      9.964,
      9.814,
      9.746,
      9.834
    ],
    "test_loss": [
      2.302666664123535,
      2.302675485610962,
      2.302663803100586,
      2.3026440143585205,
      2.3026041984558105,
      2.3026821613311768
    ],
    "test_acc": [
      10.0,
      10.0,
      10.0,
      10.0,
      10.0,
      10.0
    ]
  }
}