{
  "config": {
    "run_name": "exp1_1",
    "out_dir": "./results",
    "seed": 687459624,
    "device": null,
    "bs_train": 128,
    "bs_test": 32,
    "batches": 100,
    "epochs": 10,
    "early_stopping": 3,
    "checkpoints": null,
    "lr": 0.001,
    "reg": 0.001,
    "filters_per_layer": [
      64
    ],
    "layers_per_block": 16,
    "pool_every": 8,
    "hidden_dims": [
      100
    ],
    "model_type": "cnn",
    "kw": {}
  },
  "results": {
    "num_epochs": 3,
    "train_loss": [
      2.3032546043395996,
      2.3028218746185303,
      2.3027820587158203,
      2.3027360439300537
    ],
    "train_acc": [
      9.916,
      9.694,
      9.936,
      9.832
    ],
    "test_loss": [
      2.302686929702759,
      2.3028533458709717,
      2.3026347160339355,
      2.302602529525757
    ],
    "test_acc": [
      10.0,
      10.0,
      10.0,
      10.0
    ]
  }
}