{
  "config": {
    "run_name": "exp1_3",
    "out_dir": "./results",
    "seed": 42,
    "device": null,
    "bs_train": 50,
    "bs_test": 12,
    "batches": 10,
    "epochs": 10,
    "early_stopping": 5,
    "checkpoints": null,
    "lr": 0.001,
    "reg": 0.001,
    "filters_per_layer": [
      64,
      128,
      256
    ],
    "layers_per_block": 4,
    "pool_every": 3,
    "hidden_dims": [
      100
    ],
    "model_type": "cnn",
    "kw": {}
  },
  "results": {
    "num_epochs": 5,
    "train_loss": [
      2.3032124042510986,
      2.3028335571289062,
      2.3028032779693604,
      2.30275297164917,
      2.3027896881103516,
      2.3027021884918213
    ],
    "train_acc": [
      9.782,
      9.884,
      9.93,
      9.748,
      9.802,
      9.936
    ],
    "test_loss": [
      2.3026421070098877,
      2.3026373386383057,
      2.302619695663452,
      2.3026208877563477,
      2.3026063442230225,
      2.3026697635650635
    ],
    "test_acc": [
      10.0,
      10.0,
      10.0,
      10.0,
      10.0,
      10.0
    ]
  }
}