{
  "config": {
    "run_name": "exp1_2",
    "out_dir": "./results",
    "seed": 42,
    "device": null,
    "bs_train": 50,
    "bs_test": 12,
    "batches": 10,
    "epochs": 10,
    "early_stopping": 5,
    "checkpoints": null,
    "lr": 0.001,
    "reg": 0.001,
    "filters_per_layer": [
      64
    ],
    "layers_per_block": 4,
    "pool_every": 4,
    "hidden_dims": [
      100
    ],
    "model_type": "cnn",
    "kw": {}
  },
  "results": {
    "num_epochs": 10,
    "train_loss": [
      1.5634933710098267,
      1.202140212059021,
      1.0169599056243896,
      0.8965678215026855,
      0.8083604574203491,
      0.7393220067024231,
      0.6715852618217468,
      0.6159220933914185,
      0.5661478042602539,
      0.5142393112182617
    ],
    "train_acc": [
      43.318,
      57.014,
      63.762,
      68.226,
      71.406,
      74.066,
      76.256,
      78.214,
      80.032,
      81.838
    ],
    "test_loss": [
      1.3378053903579712,
      1.1097084283828735,
      1.0110670328140259,
      0.9145148992538452,
      0.9291086196899414,
      0.8669145107269287,
      0.9094147682189941,
      0.9283453226089478,
      0.9441834092140198,
      0.9077195525169373
    ],
    "test_acc": [
      51.3,
      60.66,
      64.3,
      68.01,
      67.33,
      69.52,
      68.05,
      68.98,
      68.27,
      69.19
    ]
  }
}