{
  "config": {
    "run_name": "exp1_3",
    "out_dir": "./results",
    "seed": 42,
    "device": null,
    "bs_train": 50,
    "bs_test": 12,
    "batches": 10,
    "epochs": 10,
    "early_stopping": 5,
    "checkpoints": null,
    "lr": 0.001,
    "reg": 0.001,
    "filters_per_layer": [
      64,
      128,
      256
    ],
    "layers_per_block": 1,
    "pool_every": 3,
    "hidden_dims": [
      100
    ],
    "model_type": "cnn",
    "kw": {}
  },
  "results": {
    "num_epochs": 10,
    "train_loss": [
      1.3989583253860474,
      1.0214664936065674,
      0.8861760497093201,
      0.7972398996353149,
      0.722916841506958,
      0.6596378684043884,
      0.6058490872383118,
      0.5538831949234009,
      0.5028906464576721,
      0.4656773507595062
    ],
    "train_acc": [
      49.814,
      63.84,
      68.876,
      72.156,
      74.712,
      76.944,
      78.51,
      80.318,
      82.146,
      83.316
    ],
    "test_loss": [
      1.144349455833435,
      0.9946616291999817,
      0.9341686964035034,
      0.8975586891174316,
      0.8643802404403687,
      0.8871026039123535,
      0.8860533833503723,
      0.8884162902832031,
      0.9038121700286865,
      0.9006611704826355
    ],
    "test_acc": [
      58.48,
      65.09,
      67.08,
      68.69,
      69.81,
      69.27,
      69.72,
      70.22,
      69.88,
      70.06
    ]
  }
}