{
  "config": {
    "run_name": "exp1_4",
    "out_dir": "./results",
    "seed": 42,
    "device": null,
    "bs_train": 50,
    "bs_test": 12,
    "batches": 10,
    "epochs": 10,
    "early_stopping": 3,
    "checkpoints": null,
    "lr": 0.001,
    "reg": 0.001,
    "filters_per_layer": [
      64,
      128,
      256
    ],
    "layers_per_block": 8,
    "pool_every": 3,
    "hidden_dims": [
      100
    ],
    "model_type": "resnet",
    "kw": {}
  },
  "results": {
    "num_epochs": 10,
    "train_loss": [
      1.6743664741516113,
      1.1420695781707764,
      0.8869742155075073,
      0.7337502241134644,
      0.6421924233436584,
      0.5838609337806702,
      0.5313715934753418,
      0.49610063433647156,
      0.4685641825199127,
      0.4416481554508209
    ],
    "train_acc": [
      37.296,
      58.688,
      68.538,
      74.194,
      77.402,
      79.672,
      81.632,
      82.562,
      83.688,
      84.53
    ],
    "test_loss": [
      1.3374584913253784,
      1.0124248266220093,
      0.8340107798576355,
      0.6989009976387024,
      0.6767478585243225,
      0.6722325086593628,
      0.6338680982589722,
      0.6727422475814819,
      0.6437361240386963,
      0.598119854927063
    ],
    "test_acc": [
      50.69,
      63.58,
      70.44,
      75.49,
      76.29,
      76.92,
      78.5,
      77.25,
      77.75,
      79.3
    ]
  }
}