{
  "config": {
    "run_name": "exp1_4",
    "out_dir": "./results",
    "seed": 42,
    "device": null,
    "bs_train": 50,
    "bs_test": 12,
    "batches": 10,
    "epochs": 10,
    "early_stopping": 3,
    "checkpoints": null,
    "lr": 0.001,
    "reg": 0.001,
    "filters_per_layer": [
      64,
      128,
      256
    ],
    "layers_per_block": 2,
    "pool_every": 3,
    "hidden_dims": [
      100
    ],
    "model_type": "resnet",
    "kw": {}
  },
  "results": {
    "num_epochs": 10,
    "train_loss": [
      1.4872417449951172,
      1.0835620164871216,
      0.9269025325775146,
      0.8216837644577026,
      0.7418592572212219,
      0.6792741417884827,
      0.6300194263458252,
      0.5756692886352539,
      0.5337785482406616,
      0.4935239255428314
    ],
    "train_acc": [
      46.204,
      61.242,
      67.35,
      71.002,
      73.662,
      76.018,
      77.636,
      79.598,
      80.826,
      82.372
    ],
    "test_loss": [
      1.2204996347427368,
      1.016208291053772,
      0.9133685827255249,
      0.8429163694381714,
      0.8281854391098022,
      0.8428544998168945,
      0.8142970204353333,
      0.8284706473350525,
      0.801048755645752,
      0.8580565452575684
    ],
    "test_acc": [
      56.67,
      63.79,
      68.17,
      70.46,
      70.45,
      70.73,
      71.77,
      71.48,
      73.37,
      71.75
    ]
  }
}