{
  "config": {
    "run_name": "exp1_2",
    "out_dir": "./results",
    "seed": 42,
    "device": null,
    "bs_train": 50,
    "bs_test": 12,
    "batches": 10,
    "epochs": 10,
    "early_stopping": 5,
    "checkpoints": null,
    "lr": 0.001,
    "reg": 0.001,
    "filters_per_layer": [
      128
    ],
    "layers_per_block": 4,
    "pool_every": 4,
    "hidden_dims": [
      100
    ],
    "model_type": "cnn",
    "kw": {}
  },
  "results": {
    "num_epochs": 10,
    "train_loss": [
      1.6646409034729004,
      1.2765015363693237,
      1.1041842699050903,
      0.9909921288490295,
      0.9066725373268127,
      0.8391899466514587,
      0.7769838571548462,
      0.7340671420097351,
      0.6917597651481628,
      0.6485253572463989
    ],
    "train_acc": [
      38.746,
      54.066,
      60.7,
      64.644,
      67.686,
      70.214,
      72.65,
      73.94,
      75.5,
      76.806
    ],
    "test_loss": [
      1.3695132732391357,
      1.2456839084625244,
      1.1088413000106812,
      1.005149483680725,
      1.032360315322876,
      0.9368294477462769,
      0.941903829574585,
      0.9117547869682312,
      0.9046500325202942,
      0.8981242179870605
    ],
    "test_acc": [
      50.03,
      56.02,
      60.21,
      64.13,
      63.55,
      67.4,
      67.66,
      68.98,
      69.27,
      68.81
    ]
  }
}