{
  "config": {
    "run_name": "exp1_3",
    "out_dir": "./results",
    "seed": 42,
    "device": null,
    "bs_train": 50,
    "bs_test": 12,
    "batches": 10,
    "epochs": 10,
    "early_stopping": 5,
    "checkpoints": null,
    "lr": 0.001,
    "reg": 0.001,
    "filters_per_layer": [
      64,
      128,
      256
    ],
    "layers_per_block": 3,
    "pool_every": 1,
    "hidden_dims": [
      100
    ],
    "model_type": "cnn",
    "kw": {}
  },
  "results": {
    "num_epochs": 5,
    "train_loss": [
      2.3029680252075195,
      2.3027989864349365,
      2.3027782440185547,
      2.3027467727661133,
      2.302777051925659,
      2.302757740020752
    ],
    "train_acc": [
      9.772,
      9.806,
      9.864,
      9.71,
      9.778,
      9.926
    ],
    "test_loss": [
      2.302727699279785,
      2.3026459217071533,
      2.302608013153076,
      2.3026139736175537,
      2.3025970458984375,
      2.3025946617126465
    ],
    "test_acc": [
      10.0,
      10.0,
      10.0,
      10.0,
      10.0,
      10.0
    ]
  }
}