{
  "config": {
    "run_name": "exp1_2",
    "out_dir": "./results",
    "seed": 42,
    "device": null,
    "bs_train": 50,
    "bs_test": 12,
    "batches": 10,
    "epochs": 10,
    "early_stopping": 5,
    "checkpoints": null,
    "lr": 0.001,
    "reg": 0.001,
    "filters_per_layer": [
      256
    ],
    "layers_per_block": 8,
    "pool_every": 8,
    "hidden_dims": [
      100
    ],
    "model_type": "cnn",
    "kw": {}
  },
  "results": {
    "num_epochs": 5,
    "train_loss": [
      2.3066604137420654,
      2.3027777671813965,
      2.3028502464294434,
      2.302833080291748,
      2.3030598163604736,
      2.302872896194458
    ],
    "train_acc": [
      9.878,
      9.958,
      9.848,
      10.094,
      9.842,
      9.964
    ],
    "test_loss": [
      2.3026533126831055,
      2.3026621341705322,
      2.3026251792907715,
      2.3026742935180664,
      2.3025996685028076,
      2.302635669708252
    ],
    "test_acc": [
      10.0,
      10.0,
      10.0,
      10.0,
      10.0,
      10.0
    ]
  }
}