{
  "config": {
    "run_name": "exp1_4",
    "out_dir": "./results",
    "seed": 42,
    "device": null,
    "bs_train": 50,
    "bs_test": 12,
    "batches": 10,
    "epochs": 10,
    "early_stopping": 3,
    "checkpoints": null,
    "lr": 0.001,
    "reg": 0.001,
    "filters_per_layer": [
      32
    ],
    "layers_per_block": 16,
    "pool_every": 4,
    "hidden_dims": [
      100
    ],
    "model_type": "resnet",
    "kw": {}
  },
  "results": {
    "num_epochs": 10,
    "train_loss": [
      1.6637111902236938,
      1.3244789838790894,
      1.1095033884048462,
      0.9857051372528076,
      0.9040651321411133,
      0.851651668548584,
      0.8004049062728882,
      0.757871150970459,
      0.7241640090942383,
      0.6957299709320068
    ],
    "train_acc": [
      39.21,
      52.304,
      60.422,
      65.182,
      67.888,
      69.984,
      71.78,
      73.138,
      74.416,
      75.532
    ],
    "test_loss": [
      1.4303474426269531,
      1.2571402788162231,
      1.0122591257095337,
      0.9749173521995544,
      0.9250003099441528,
      0.8810126185417175,
      0.8301470875740051,
      0.860805094242096,
      0.8061748147010803,
      0.7748490571975708
    ],
    "test_acc": [
      48.19,
      54.67,
      64.41,
      65.52,
      67.83,
      69.17,
      71.05,
      69.77,
      71.8,
      73.04
    ]
  }
}