{
  "config": {
    "run_name": "exp1_4",
    "out_dir": "./results",
    "seed": 42,
    "device": null,
    "bs_train": 50,
    "bs_test": 12,
    "batches": 10,
    "epochs": 10,
    "early_stopping": 3,
    "checkpoints": null,
    "lr": 0.001,
    "reg": 0.001,
    "filters_per_layer": [
      32
    ],
    "layers_per_block": 8,
    "pool_every": 4,
    "hidden_dims": [
      100
    ],
    "model_type": "resnet",
    "kw": {}
  },
  "results": {
    "num_epochs": 10,
    "train_loss": [
      1.5488544702529907,
      1.2307393550872803,
      1.082810878753662,
      0.9815725684165955,
      0.8904703259468079,
      0.8204725384712219,
      0.7624596953392029,
      0.7142292857170105,
      0.6717846393585205,
      0.6344775557518005
    ],
    "train_acc": [
      43.868,
      55.952,
      61.558,
      65.142,
      68.342,
      71.096,
      73.15,
      74.666,
      76.188,
      77.64
    ],
    "test_loss": [
      1.3234565258026123,
      1.1420938968658447,
      1.0460588932037354,
      0.95322585105896,
      0.9150582551956177,
      0.910172700881958,
      0.8915141820907593,
      0.8808442950248718,
      0.85477614402771,
      0.876761257648468
    ],
    "test_acc": [
      52.72,
      59.08,
      62.41,
      66.32,
      67.55,
      67.67,
      68.93,
      69.66,
      70.52,
      70.41
    ]
  }
}