{
  "config": {
    "run_name": "exp1_3",
    "out_dir": "./results",
    "seed": 42,
    "device": null,
    "bs_train": 50,
    "bs_test": 12,
    "batches": 10,
    "epochs": 10,
    "early_stopping": 5,
    "checkpoints": null,
    "lr": 0.001,
    "reg": 0.001,
    "filters_per_layer": [
      64,
      128,
      256
    ],
    "layers_per_block": 2,
    "pool_every": 2,
    "hidden_dims": [
      100
    ],
    "model_type": "cnn",
    "kw": {}
  },
  "results": {
    "num_epochs": 10,
    "train_loss": [
      1.7239997386932373,
      1.297729730606079,
      1.0711665153503418,
      0.925341784954071,
      0.8079206347465515,
      0.7169039845466614,
      0.6601591110229492,
      0.6067687273025513,
      0.5639445781707764,
      0.5312432646751404
    ],
    "train_acc": [
      36.006,
      52.882,
      61.802,
      67.312,
      71.522,
      74.914,
      77.16,
      78.9,
      80.184,
      81.502
    ],
    "test_loss": [
      1.426131010055542,
      1.1394003629684448,
      0.9833974838256836,
      0.9463386535644531,
      0.8162773847579956,
      0.7771738171577454,
      0.7038577198982239,
      0.6814959645271301,
      0.7273698449134827,
      0.7032932043075562
    ],
    "test_acc": [
      46.66,
      58.75,
      65.23,
      65.89,
      72.03,
      72.97,
      75.53,
      76.36,
      75.55,
      75.66
    ]
  }
}