{
  "config": {
    "run_name": "exp1_4",
    "out_dir": "./results",
    "seed": 42,
    "device": null,
    "bs_train": 50,
    "bs_test": 12,
    "batches": 10,
    "epochs": 10,
    "early_stopping": 3,
    "checkpoints": null,
    "lr": 0.001,
    "reg": 0.001,
    "filters_per_layer": [
      32
    ],
    "layers_per_block": 32,
    "pool_every": 4,
    "hidden_dims": [
      100
    ],
    "model_type": "resnet",
    "kw": {}
  },
  "results": {
    "num_epochs": 10,
    "train_loss": [
      1.8583242893218994,
      1.5090066194534302,
      1.3430508375167847,
      1.2187530994415283,
      1.1145316362380981,
      1.0300168991088867,
      0.9529096484184265,
      0.8941423296928406,
      0.8415982127189636,
      0.8017522692680359
    ],
    "train_acc": [
      31.654,
      44.296,
      50.996,
      56.192,
      59.978,
      63.212,
      66.04,
      68.308,
      70.146,
      71.604
    ],
    "test_loss": [
      1.573703408241272,
      1.3993208408355713,
      1.2569997310638428,
      1.1693077087402344,
      1.114177942276001,
      1.0064806938171387,
      0.9739263653755188,
      0.9419727921485901,
      0.8697789907455444,
      0.8987840414047241
    ],
    "test_acc": [
      41.86,
      48.91,
      54.19,
      57.59,
      60.96,
      64.14,
      65.69,
      66.61,
      69.41,
      68.75
    ]
  }
}