{
  "config": {
    "run_name": "exp1_1",
    "out_dir": "./results",
    "seed": 595278201,
    "device": null,
    "bs_train": 128,
    "bs_test": 32,
    "batches": 100,
    "epochs": 10,
    "early_stopping": 3,
    "checkpoints": null,
    "lr": 0.001,
    "reg": 0.001,
    "filters_per_layer": [
      64
    ],
    "layers_per_block": 2,
    "pool_every": 5,
    "hidden_dims": [
      100
    ],
    "model_type": "cnn",
    "kw": {}
  },
  "results": {
    "num_epochs": 10,
    "train_loss": [
      1.705485224723816,
      1.3796378374099731,
      1.27255380153656,
      1.1850292682647705,
      1.1228668689727783,
      1.067252278327942,
      1.0149961709976196,
      0.9701846241950989,
      0.9189915060997009,
      0.8797042369842529
    ],
    "train_acc": [
      39.024,
      50.838,
      54.572,
      57.808,
      60.026,
      62.08,
      63.854,
      65.578,
      67.334,
      69.028
    ],
    "test_loss": [
      1.441396713256836,
      1.3101142644882202,
      1.270115852355957,
      1.2455843687057495,
      1.2000826597213745,
      1.1655727624893188,
      1.2102570533752441,
      1.1756168603897095,
      1.1746437549591064,
      1.157426357269287
    ],
    "test_acc": [
      48.31,
      53.09,
      54.54,
      55.24,
      57.04,
      58.29,
      58.08,
      58.26,
      59.45,
      59.41
    ]
  }
}