{
  "config": {
    "run_name": "exp1_2",
    "out_dir": "./results",
    "seed": 257420051,
    "device": null,
    "bs_train": 128,
    "bs_test": 32,
    "batches": 100,
    "epochs": 10,
    "early_stopping": 3,
    "checkpoints": null,
    "lr": 0.001,
    "reg": 0.001,
    "filters_per_layer": [
      32
    ],
    "layers_per_block": 2,
    "pool_every": 2,
    "hidden_dims": [
      100
    ],
    "model_type": "cnn",
    "kw": {}
  },
  "results": {
    "num_epochs": 10,
    "train_loss": [
      1.5773149728775024,
      1.236548662185669,
      1.099266767501831,
      0.9912033677101135,
      0.912937343120575,
      0.8605185747146606,
      0.8044428825378418,
      0.7654931545257568,
      0.723911702632904,
      0.6861414313316345
    ],
    "train_acc": [
      43.292,
      56.058,
      61.33,
      65.098,
      68.07,
      69.65,
      72.048,
      73.272,
      74.644,
      76.092
    ],
    "test_loss": [
      1.3318405151367188,
      1.1905092000961304,
      1.110155701637268,
      1.007103681564331,
      1.0108566284179688,
      0.9715320467948914,
      0.9525492787361145,
      0.9407975673675537,
      0.9464459419250488,
      0.9236169457435608
    ],
    "test_acc": [
      52.46,
      58.07,
      61.07,
      64.55,
      64.43,
      66.36,
      67.02,
      67.33,
      67.24,
      68.26
    ]
  }
}