{
  "config": {
    "run_name": "exp1_2",
    "out_dir": "./results",
    "seed": 42,
    "device": null,
    "bs_train": 50,
    "bs_test": 12,
    "batches": 10,
    "epochs": 10,
    "early_stopping": 5,
    "checkpoints": null,
    "lr": 0.001,
    "reg": 0.001,
    "filters_per_layer": [
      128
    ],
    "layers_per_block": 8,
    "pool_every": 8,
    "hidden_dims": [
      100
    ],
    "model_type": "cnn",
    "kw": {}
  },
  "results": {
    "num_epochs": 5,
    "train_loss": [
      2.3033649921417236,
      2.302823066711426,
      2.3027684688568115,
      2.3028299808502197,
      2.302769422531128,
      2.302757740020752
    ],
    "train_acc": [
      9.98,
      9.72,
      9.88,
      9.846,
      9.716,
      9.824
    ],
    "test_loss": [
      2.3026974201202393,
      2.3026204109191895,
      2.3026862144470215,
      2.302618980407715,
      2.302664041519165,
      2.302612543106079
    ],
    "test_acc": [
      10.0,
      10.0,
      10.0,
      10.0,
      10.0,
      10.0
    ]
  }
}