{
  "config": {
    "run_name": "exp1_3",
    "out_dir": "./results",
    "seed": 42,
    "device": null,
    "bs_train": 50,
    "bs_test": 12,
    "batches": 10,
    "epochs": 10,
    "early_stopping": 5,
    "checkpoints": null,
    "lr": 0.001,
    "reg": 0.001,
    "filters_per_layer": [
      64,
      128,
      256
    ],
    "layers_per_block": 2,
    "pool_every": 3,
    "hidden_dims": [
      100
    ],
    "model_type": "cnn",
    "kw": {}
  },
  "results": {
    "num_epochs": 5,
    "train_loss": [
      2.3030588626861572,
      2.30281400680542,
      2.3027985095977783,
      2.3027844429016113,
      2.3027594089508057,
      2.3028461933135986
    ],
    "train_acc": [
      9.756,
      9.982,
      9.746,
      9.602,
      9.96,
      9.994
    ],
    "test_loss": [
      2.302633285522461,
      2.302607774734497,
      2.3026340007781982,
      2.302596092224121,
      2.302623748779297,
      2.3026652336120605
    ],
    "test_acc": [
      10.0,
      10.0,
      10.0,
      10.0,
      10.0,
      10.0
    ]
  }
}