{
  "config": {
    "run_name": "exp1_1",
    "out_dir": "./results",
    "seed": 412317332,
    "device": null,
    "bs_train": 128,
    "bs_test": 32,
    "batches": 100,
    "epochs": 10,
    "early_stopping": 3,
    "checkpoints": null,
    "lr": 0.001,
    "reg": 0.001,
    "filters_per_layer": [
      64
    ],
    "layers_per_block": 4,
    "pool_every": 6,
    "hidden_dims": [
      100
    ],
    "model_type": "cnn",
    "kw": {}
  },
  "results": {
    "num_epochs": 10,
    "train_loss": [
      1.6384775638580322,
      1.2200062274932861,
      1.0733120441436768,
      0.975761890411377,
      0.9103093147277832,
      0.850641131401062,
      0.7988379597663879,
      0.7400709986686707,
      0.6944330334663391,
      0.6414987444877625
    ],
    "train_acc": [
      40.138,
      56.412,
      61.884,
      65.508,
      67.74,
      69.7,
      71.518,
      73.89,
      75.244,
      77.242
    ],
    "test_loss": [
      1.2974390983581543,
      1.1559592485427856,
      1.0385277271270752,
      1.0237669944763184,
      1.0167745351791382,
      1.0095300674438477,
      0.9366223216056824,
      0.9358670711517334,
      0.9330203533172607,
      0.9410730004310608
    ],
    "test_acc": [
      53.07,
      58.3,
      62.67,
      64.3,
      64.26,
      64.47,
      67.17,
      67.38,
      67.76,
      67.11
    ]
  }
}