{
  "config": {
    "run_name": "exp2",
    "out_dir": "./results",
    "seed": 42,
    "device": null,
    "bs_train": 50,
    "bs_test": 12,
    "batches": 10,
    "epochs": 15,
    "early_stopping": 5,
    "checkpoints": null,
    "lr": 0.001,
    "reg": 0.001,
    "filters_per_layer": [
      32,
      64,
      128
    ],
    "layers_per_block": 3,
    "pool_every": 3,
    "hidden_dims": [
      100
    ],
    "model_type": "ycn",
    "kw": {}
  },
  "results": {
    "num_epochs": 14,
    "train_loss": [
      1.5270142555236816,
      1.126336932182312,
      0.9628428220748901,
      0.8726167678833008,
      0.8025093674659729,
      0.7620264887809753,
      0.7275528907775879,
      0.6955986618995667,
      0.674185574054718,
      0.6534988880157471,
      0.6372563242912292,
      0.6215153336524963,
      0.6105111241340637,
      0.6053791046142578,
      0.5843411684036255
    ],
    "train_acc": [
      44.76,
      60.16,
      65.828,
      69.382,
      71.762,
      73.066,
      74.362,
      75.524,
      76.204,
      76.94,
      77.652,
      78.202,
      78.408,
      78.656,
      79.512
    ],
    "test_loss": [
      1.1419801712036133,
      0.9948999285697937,
      0.967453122138977,
      0.870897114276886,
      0.8112420439720154,
      0.7871472835540771,
      0.7738413214683533,
      0.7819072604179382,
      0.7950181365013123,
      0.7465375065803528,
      0.7982507944107056,
      0.7842579483985901,
      0.7871121764183044,
      0.7740907669067383,
      0.8006278276443481
    ],
    "test_acc": [
      58.93,
      64.81,
      66.62,
      69.22,
      72.03,
      73.05,
      73.17,
      73.36,
      73.36,
      74.45,
      72.44,
      73.42,
      73.6,
      74.2,
      73.83
    ]
  }
}