{
  "config": {
    "run_name": "exp2",
    "out_dir": "./results",
    "seed": 42,
    "device": null,
    "bs_train": 50,
    "bs_test": 12,
    "batches": 10,
    "epochs": 15,
    "early_stopping": 5,
    "checkpoints": null,
    "lr": 0.001,
    "reg": 0.001,
    "filters_per_layer": [
      32,
      64,
      128
    ],
    "layers_per_block": 6,
    "pool_every": 3,
    "hidden_dims": [
      100
    ],
    "model_type": "ycn",
    "kw": {}
  },
  "results": {
    "num_epochs": 15,
    "train_loss": [
      1.586445927619934,
      1.088479995727539,
      0.895781397819519,
      0.7989101409912109,
      0.7466070652008057,
      0.7014006972312927,
      0.6720436215400696,
      0.6502747535705566,
      0.634319543838501,
      0.6155719757080078,
      0.600283145904541,
      0.5959181785583496,
      0.5850481986999512,
      0.5740322470664978,
      0.5712873339653015
    ],
    "train_acc": [
      40.95,
      61.004,
      68.554,
      72.064,
      73.984,
      75.79,
      76.618,
      77.49,
      77.846,
      78.566,
      79.15,
      79.314,
      79.644,
      80.176,
      80.354
    ],
    "test_loss": [
      1.155971884727478,
      0.9553073644638062,
      0.7764462828636169,
      0.7086541652679443,
      0.6511673331260681,
      0.6187295317649841,
      0.6781456470489502,
      0.7159125804901123,
      0.6029844284057617,
      0.5844420194625854,
      0.5766011476516724,
      0.5541651844978333,
      0.6079252362251282,
      0.5426748394966125,
      0.5820058584213257
    ],
    "test_acc": [
      57.99,
      66.8,
      72.71,
      74.74,
      77.48,
      78.58,
      76.65,
      75.76,
      78.8,
      79.87,
      80.46,
      80.71,
      78.7,
      81.51,
      79.89
    ]
  }
}