{
  "config": {
    "run_name": "exp2",
    "out_dir": "./results",
    "seed": 42,
    "device": null,
    "bs_train": 50,
    "bs_test": 12,
    "batches": 10,
    "epochs": 15,
    "early_stopping": 5,
    "checkpoints": null,
    "lr": 0.001,
    "reg": 0.001,
    "filters_per_layer": [
      32,
      64,
      128
    ],
    "layers_per_block": 12,
    "pool_every": 3,
    "hidden_dims": [
      100
    ],
    "model_type": "ycn",
    "kw": {}
  },
  "results": {
    "num_epochs": 15,
    "train_loss": [
      1.6465065479278564,
      1.15010666847229,
      0.9349890947341919,
      0.8235651850700378,
      0.7607327699661255,
      0.715616762638092,
      0.6766800284385681,
      0.6550871729850769,
      0.630935549736023,
      0.61087566614151,
      0.6006749272346497,
      0.5928865671157837,
      0.5834972262382507,
      0.5706473588943481,
      0.56072598695755
    ],
    "train_acc": [
      38.62,
      58.656,
      67.102,
      70.824,
      73.638,
      75.166,
      76.49,
      77.43,
      78.112,
      78.936,
      79.472,
      79.426,
      79.884,
      80.188,
      80.512
    ],
    "test_loss": [
      1.2526562213897705,
      1.1062873601913452,
      0.8135639429092407,
      0.728111743927002,
      0.7087475061416626,
      0.7316353917121887,
      0.6578443646430969,
      0.6501086354255676,
      0.5826749801635742,
      0.6187233328819275,
      0.6291924715042114,
      0.5483501553535461,
      0.6439736485481262,
      0.5348353981971741,
      0.564316987991333
    ],
    "test_acc": [
      53.95,
      61.46,
      70.98,
      74.42,
      74.4,
      74.62,
      76.95,
      78.11,
      79.58,
      78.77,
      78.83,
      81.01,
      78.22,
      81.49,
      80.84
    ]
  }
}