{
  "config": {
    "run_name": "exp2",
    "out_dir": "./results",
    "seed": 42,
    "device": null,
    "bs_train": 50,
    "bs_test": 12,
    "batches": 10,
    "epochs": 15,
    "early_stopping": 5,
    "checkpoints": null,
    "lr": 0.001,
    "reg": 0.001,
    "filters_per_layer": [
      32,
      64,
      128
    ],
    "layers_per_block": 9,
    "pool_every": 3,
    "hidden_dims": [
      100
    ],
    "model_type": "ycn",
    "kw": {}
  },
  "results": {
    "num_epochs": 15,
    "train_loss": [
      1.623449683189392,
      1.15114164352417,
      0.9388049244880676,
      0.8290926218032837,
      0.7536911368370056,
      0.7162336111068726,
      0.6762667894363403,
      0.653690755367279,
      0.6319970488548279,
      0.6207806468009949,
      0.6047489643096924,
      0.5937846899032593,
      0.5808899998664856,
      0.5770102739334106,
      0.5762818455696106
    ],
    "train_acc": [
      39.83,
      58.642,
      66.772,
      70.904,
      73.732,
      75.224,
      76.414,
      77.386,
      78.206,
      78.414,
      78.928,
      79.33,
      79.89,
      80.212,
      80.1
    ],
    "test_loss": [
      1.1975340843200684,
      0.9100784063339233,
      0.9185414910316467,
      0.7448599338531494,
      0.6667066812515259,
      0.702186107635498,
      0.675735354423523,
      0.6618322730064392,
      0.5987497568130493,
      0.5977782011032104,
      0.5585441589355469,
      0.6202017664909363,
      0.5826408863067627,
      0.5849687457084656,
      0.5898162126541138
    ],
    "test_acc": [
      56.03,
      67.14,
      67.72,
      73.97,
      76.92,
      75.34,
      76.9,
      77.46,
      79.3,
      79.22,
      80.77,
      78.76,
      79.95,
      80.29,
      80.15
    ]
  }
}